<?xml version="1.0" encoding="UTF-8"?>
<settings>
	<group name="image-input">
		<setting name="OmniPageUILang" type="Int" value="31"/>
		<setting name="OCRLanguage" type="String" value="3"/>
		<setting name="SelectedScanner" type="String" value=""/>
		<setting name="openEditor" type="Bool" value="0"/>
		<setting name="Converter" type="String" value="Converters.Text.Word2000"/>
		<setting name="FormattingLevel" type="Int" value="2"/>
		<setting name="DecompMethod" type="Int" value="2"/>
	</group>
</settings>
